cluster1,MPND,IFI35,NDST1,NOP14,ERP29,SMARCB1,HCFC1R1,LEPROTL1,GLRX3,CCDC47,PPP1R9B,FAF2,SLC12A7,RCAN3,TBX2,TNFSF10,SLC25A16,RBCK1,MAP2K2,FLNC,COPB1,PLD2,TXNDC17,ARF3,RSAD1,NUMA1,ITGAV,MFGE8,ATHL1,NBEAL1,,,,,,,,,,,,,,,,,,,,,,,,,,,,,,,,,,,,,,,,,,,,,,,,,,,,,,,,,,,,,,,,,,,,,,,,,,,,,,,,,,,,,,,,,,,,,,,,,,,,,,,,,,,,,,,,,,,,,,,,,,,,,,,,,,,,,,,,,,,,,,,,,,,,,,,,,,,,,,,,,,,,,,,,,,,,,,,,,,,,,,,,,,,,,,,,,,,,,,,,,,,,,,,,,,,,,,,,,,,,,,,,,,,,,,,,,,,,,,,,,,,,,,,,,,,,,,,,,,,,,,,,,,,,,,,,,,,,,,,,,,,,,,,,,,,,,,,,,,,,,,,,,,,,,,,,,,,,,,,,,,,,,,,,,,,,,,,,,,,,,,,,,,,,,,,,,,,,,,,,,,,,,,,,,,,,,,,,,,,,,,,,,,,,,,,,,,,,,,,,,,,,,,,,,,,,,,,,,,,,,,,,,,,,,,,,,,,,,,,,,,,,,,,,,,,,,,,,,,,,,,,,,,,,,,,,,,,,,,,,,,,,,,,,,,,,,,,,,,,,,,,,,,,,,,,,,,,,,,,,,,,,,,,,,,,,,,,,,,,,,,,,,,,,,,,,,,,,,,,,,,,,,,,,,,,,,,,,,,,,,,,,,,,,,,,,,,,,,,,,,,,,,,,,,,,,,,,,,,,,,,,,,,,,,,,,,,,
cluster2,PHKA2,PLD3,SHB,TXNDC12,USP9X,ZNF384,COL5A1,,,,,,,,,,,,,,,,,,,,,,,,,,,,,,,,,,,,,,,,,,,,,,,,,,,,,,,,,,,,,,,,,,,,,,,,,,,,,,,,,,,,,,,,,,,,,,,,,,,,,,,,,,,,,,,,,,,,,,,,,,,,,,,,,,,,,,,,,,,,,,,,,,,,,,,,,,,,,,,,,,,,,,,,,,,,,,,,,,,,,,,,,,,,,,,,,,,,,,,,,,,,,,,,,,,,,,,,,,,,,,,,,,,,,,,,,,,,,,,,,,,,,,,,,,,,,,,,,,,,,,,,,,,,,,,,,,,,,,,,,,,,,,,,,,,,,,,,,,,,,,,,,,,,,,,,,,,,,,,,,,,,,,,,,,,,,,,,,,,,,,,,,,,,,,,,,,,,,,,,,,,,,,,,,,,,,,,,,,,,,,,,,,,,,,,,,,,,,,,,,,,,,,,,,,,,,,,,,,,,,,,,,,,,,,,,,,,,,,,,,,,,,,,,,,,,,,,,,,,,,,,,,,,,,,,,,,,,,,,,,,,,,,,,,,,,,,,,,,,,,,,,,,,,,,,,,,,,,,,,,,,,,,,,,,,,,,,,,,,,,,,,,,,,,,,,,,,,,,,,,,,,,,,,,,,,,,,,,,,,,,,,,,,,,,,,,,,,,,,,,,,,,,,,,,,,,,,,,,,,,,,,,,,,,,,,,,,,,,,,,,,,,,,,,,,,,,,,,,
cluster3,SPATA20,ZNF207,TFE3,VPS35,MYDGF,HNRNPM,GGT1,DNAL4,CDC25B,IMPAD1,CCNY,B3GAT1,CCND1,DNPH1,IK,IGFBP2,KIAA2013,MAP1B,PTCD3,ZRANB2,GNL2,TMBIM6,RORC,CALM2,ABHD10,,,,,,,,,,,,,,,,,,,,,,,,,,,,,,,,,,,,,,,,,,,,,,,,,,,,,,,,,,,,,,,,,,,,,,,,,,,,,,,,,,,,,,,,,,,,,,,,,,,,,,,,,,,,,,,,,,,,,,,,,,,,,,,,,,,,,,,,,,,,,,,,,,,,,,,,,,,,,,,,,,,,,,,,,,,,,,,,,,,,,,,,,,,,,,,,,,,,,,,,,,,,,,,,,,,,,,,,,,,,,,,,,,,,,,,,,,,,,,,,,,,,,,,,,,,,,,,,,,,,,,,,,,,,,,,,,,,,,,,,,,,,,,,,,,,,,,,,,,,,,,,,,,,,,,,,,,,,,,,,,,,,,,,,,,,,,,,,,,,,,,,,,,,,,,,,,,,,,,,,,,,,,,,,,,,,,,,,,,,,,,,,,,,,,,,,,,,,,,,,,,,,,,,,,,,,,,,,,,,,,,,,,,,,,,,,,,,,,,,,,,,,,,,,,,,,,,,,,,,,,,,,,,,,,,,,,,,,,,,,,,,,,,,,,,,,,,,,,,,,,,,,,,,,,,,,,,,,,,,,,,,,,,,,,,,,,,,,,,,,,,,,,,,,,,,,,,,,,,,,,,,,,,,,,,,,,,,,,,,,,,,,,,,,,,,,,,,,,,,,,,,,,,,,,,,,,,,,,,,,,,,,,,,,,,,,,,,,,,,,
cluster4,SLC2A3,HMG20B,EDF1,CAMTA2,COQ6,ATG14,DBNL,SS18,,,,,,,,,,,,,,,,,,,,,,,,,,,,,,,,,,,,,,,,,,,,,,,,,,,,,,,,,,,,,,,,,,,,,,,,,,,,,,,,,,,,,,,,,,,,,,,,,,,,,,,,,,,,,,,,,,,,,,,,,,,,,,,,,,,,,,,,,,,,,,,,,,,,,,,,,,,,,,,,,,,,,,,,,,,,,,,,,,,,,,,,,,,,,,,,,,,,,,,,,,,,,,,,,,,,,,,,,,,,,,,,,,,,,,,,,,,,,,,,,,,,,,,,,,,,,,,,,,,,,,,,,,,,,,,,,,,,,,,,,,,,,,,,,,,,,,,,,,,,,,,,,,,,,,,,,,,,,,,,,,,,,,,,,,,,,,,,,,,,,,,,,,,,,,,,,,,,,,,,,,,,,,,,,,,,,,,,,,,,,,,,,,,,,,,,,,,,,,,,,,,,,,,,,,,,,,,,,,,,,,,,,,,,,,,,,,,,,,,,,,,,,,,,,,,,,,,,,,,,,,,,,,,,,,,,,,,,,,,,,,,,,,,,,,,,,,,,,,,,,,,,,,,,,,,,,,,,,,,,,,,,,,,,,,,,,,,,,,,,,,,,,,,,,,,,,,,,,,,,,,,,,,,,,,,,,,,,,,,,,,,,,,,,,,,,,,,,,,,,,,,,,,,,,,,,,,,,,,,,,,,,,,,,,,,,,,,,,,,,,,,,,,,,,,,,,,,,,
cluster5,PLXND1,KDM1A,RBM6,POLR2J,RHBDD2,PDK2,VPS41,MARK4,CYB561,IL32,UQCRC1,STAB1,IDS,MRC2,SYT7,XYLT2,ADGRA2,AQR,ZDHHC6,RNH1,VEZT,BRD9,SNX1,FBXO42,FAM65A,JADE2,CTNNA1,COL9A2,H6PD,VAMP3,ELN,RFC2,HEXB,HEBP2,USP36,RC3H2,SOAT1,PITHD1,ALDH18A1,TNPO3,RFXANK,TMEM161A,SBNO2,TAF11,NTHL1,IPO5,MYLK,ELOVL1,ATXN3,KLF6,FGFR3,NUCKS1,PFN2,MNT,TESK2,TCOF1,CDC42,WBSCR22,SEL1L,ATP6AP1,DAZAP1,PTPN18,P4HA2,TMEM38A,AP1M1,PICALM,ENO1,ANO8,RAB7A,BCAP29,NT5C2,RAP1GAP,TM9SF3,GTF3C1,SNRPA,EXOSC5,SIRT6,FBLN1,MCCC1,CIC,DNM2,SESN1,KIAA0141,SMARCD3,ITGAE,APLP2,EIF3I,DNAJA1,ACOX3,FTL,MMP2,AAMDC,SULT2B1,KHSRP,EDEM2,ANKRD10,SMOX,DYNLL1,FUS,FXYD5,ARHGAP4,LTBP4,CCNK,PCBP4,RAB11FIP3,GOLGA3,GLG1,ALKBH5,TMEM101,SLC7A8,SLC22A17,PHGDH,COMT,SEC22C,AAAS,HOOK2,ITPR3,MYO9B,GADD45B,TRMT2A,RANBP1,MED15,SF3A1,SNRPD3,PPM1F,HPS4,ANKRD54,RTCB,GTPBP1,SUN2,BIK,APOL1,EIF3D,SGSM3,IFT27,KIAA0930,RBX1,EP300,PMM1,LGMN,PPM1A,SRSF5,CCNB1IP1,PABPN1,PSME2,PNN,CTSZ,ARFGAP1,SNTA1,TTI1,ACOT8,MXRA5,WDR13,PAGE4,NAA10,SLC35A2,TIMP1,RBM3,BEX4,ESRP2,WDR59,MON1B,NPRL3,TAF1C,STUB1,EEF2K,HMOX2,C16orf62,AAGAB,CSK,RPAP1,TMEM87A,GABPB1,NUCB1,SNRNP70,CLPTM1,PLEKHJ1,STX10,DMPK,VRK3,AKAP8,ILVBL,URI1,POLR2I,ETFB,CDC37,CYTH2,RAB3D,PPP2R1A,DNASE2,COPE,ERF,ETHE1,LFNG,ABHD11,HSPB1,BUD31,ZKSCAN1,EIF3B,IMPDH1,AP1S1,ZNHIT1,EIF4H,PDLIM1,CXCL12,C10orf54,PPP3CB,C1QBP,FTSJ3,CYTH1,LGALS3BP,RAB5C,MAPK10,UFSP2,UGDH,HSPA8,SIAE,EHD1,OSBP,UNC93B1,TMEM109,UBE4A,NECTIN1,MADD,SLC35F2,CHKA,KCTD10,CAMKK2,ARPC3,DDX55,COPZ1,CNOT2,COPS7A,TPI1,GNPTAB,ATN1,MCM3,FBXO9,SLC39A7,COX7A2,VEGFA,C7,HMGCS1,APBB3,RNF130,LNPEP,RARS,H2AFY,ATP6V0E1,DBN1,HES1,GNAI2,ABHD14B,NKTR,FOXP1,EIF4G1,MOB1A,REEP6,MOGS,RTN4,CHMP3,IL1R1,MLPH,PPP1R7,PROC,SRSF7,SDC1,SLC1A4,COX7A2L,SPR,ICMT,KIAA1324,SCAMP3,C1orf21,MAD2L2,WLS,ZBTB17,ECE1,EBNA1BP2,ERI3,PRDX1,FAAH,STAG1,CCNI,CPSF3,CCDC92,PTPA,NPC2,AREL1,DLST,SLIRP,RBM25,PYROXD2,DUSP1,PCMT1,WDR55,ACAT2,SNX19,EPC1,EGR1,ARL1,TRIM25,CEP89,KIAA1191,ANXA11,FKBP9,CLTA,PKN1,ADGRE5,EBPL,PFDN5,SMUG1,AMD1,ADCK4,FAM210B,PIGT,CHD6,ZNFX1,NAGK,SERPINB6,SSR1,C16orf70,GOT2,NDUFA1,NT5C,PPDPF,CHCHD5,SLC25A23,C3,SYMPK,TMX4,MKKS,NECAB3,KDM5C,CAPNS1,PRR12,EMG1,CANX,MASP1,HP1BP3,KLF2,UQCR11,TUBGCP6,DGCR6L,TPST2,EMC4,IFT22,ISLR,SUMF2,PALLD,KIF1C,CCNT1,DAD1,GAMT,LDLR,APOE,FAM98C,DDA1,ARPC1B,GDF15,HELZ2,ZNF337,PRRC2B,UBA1,EMC8,HACL1,TBC1D5,RBSN,PSME3,NDUFA2,MCCC2,DNAJB1,CC2D1A,RAF1,SERPINF1,PCED1A,IGHMBP2,NASP,VSTM2L,PIK3C2B,ZNF414,CNDP2,WDR74,MYH11,SARAF,MEN1,CAMK1,EMC7,HMGCS2,ROCK2,ACP2,YARS,ANXA1,P2RX4,DNAJC14,ITGA7,BLOC1S1,CDK4,TSPAN31,HNRNPA1,OS9,MICAL1,PRADC1,RAB11FIP5,COG2,ITM2C,CYP27A1,CAB39,TGFBRAP1,APPL2,FLNB,TBC1D4,LCP1,TTYH3,NMT1,VEZF1,TACO1,TRA2B,TXN,ODF2,C9orf78,ANGPTL2,CDK5RAP2,SLC31A1,IL11RA,UBAP2,GRHPR,KLC4,UQCC2,YAP1,TRIM29,SLC37A4,SQRDL,DBT,RTCA,HADHB,ADCY3,COX17,SCARB2,RGS3,C1RL,MMAB,SUOX,SORD,TPM1,ULK3,SCAMP2,ABHD2,CRTC3,ARHGAP17,GALNS,RANBP10,G6PC3,OSBPL1A,ARHGDIA,SMAD4,NT5C3B,FKBP10,NFIC,DPP9,IFITM3,SCYL1,DOPEY2,EMP3,RERE,ZNF593,MAP3K6,SYTL1,CREG1,DPT,ZNF687,MCL1,SELENBP1,C1orf43,NVL,CNIH4,ITPKB,C1orf35,PLEKHA6,PDIA6,SNRNP200,ANKMY1,VGLL4,FAM134A,CSRNP1,,,,,,,,,,,,,,,,,,,,,,,,,,,,,,,,,,,,,,,,,,,,,,,,,,,,,,,,,,,,,,,,,,,,,,,,,,,,,,,,,,,,,,,,,,,,,,,,,,,,,,,,,,,,,,,,,,,,,,,,,,,,,,,,,,,,,,,,,,,,,,,,,,,,,,,,,,,,,,,,,,,,,,,,,,,,,,,,,,,,
cluster6,CNOT3,JOSD1,KDM4B,ESYT1,,,,,,,,,,,,,,,,,,,,,,,,,,,,,,,,,,,,,,,,,,,,,,,,,,,,,,,,,,,,,,,,,,,,,,,,,,,,,,,,,,,,,,,,,,,,,,,,,,,,,,,,,,,,,,,,,,,,,,,,,,,,,,,,,,,,,,,,,,,,,,,,,,,,,,,,,,,,,,,,,,,,,,,,,,,,,,,,,,,,,,,,,,,,,,,,,,,,,,,,,,,,,,,,,,,,,,,,,,,,,,,,,,,,,,,,,,,,,,,,,,,,,,,,,,,,,,,,,,,,,,,,,,,,,,,,,,,,,,,,,,,,,,,,,,,,,,,,,,,,,,,,,,,,,,,,,,,,,,,,,,,,,,,,,,,,,,,,,,,,,,,,,,,,,,,,,,,,,,,,,,,,,,,,,,,,,,,,,,,,,,,,,,,,,,,,,,,,,,,,,,,,,,,,,,,,,,,,,,,,,,,,,,,,,,,,,,,,,,,,,,,,,,,,,,,,,,,,,,,,,,,,,,,,,,,,,,,,,,,,,,,,,,,,,,,,,,,,,,,,,,,,,,,,,,,,,,,,,,,,,,,,,,,,,,,,,,,,,,,,,,,,,,,,,,,,,,,,,,,,,,,,,,,,,,,,,,,,,,,,,,,,,,,,,,,,,,,,,,,,,,,,,,,,,,,,,,,,,,,,,,,,,,,,,,,,,,,,,,,,,,,,,,,,,,,,,,,,,,,,,
cluster7,ATG16L1,JAG1,PHF1,SLC25A36,DNPEP,FAM129B,PRCP,BMPR1B,,,,,,,,,,,,,,,,,,,,,,,,,,,,,,,,,,,,,,,,,,,,,,,,,,,,,,,,,,,,,,,,,,,,,,,,,,,,,,,,,,,,,,,,,,,,,,,,,,,,,,,,,,,,,,,,,,,,,,,,,,,,,,,,,,,,,,,,,,,,,,,,,,,,,,,,,,,,,,,,,,,,,,,,,,,,,,,,,,,,,,,,,,,,,,,,,,,,,,,,,,,,,,,,,,,,,,,,,,,,,,,,,,,,,,,,,,,,,,,,,,,,,,,,,,,,,,,,,,,,,,,,,,,,,,,,,,,,,,,,,,,,,,,,,,,,,,,,,,,,,,,,,,,,,,,,,,,,,,,,,,,,,,,,,,,,,,,,,,,,,,,,,,,,,,,,,,,,,,,,,,,,,,,,,,,,,,,,,,,,,,,,,,,,,,,,,,,,,,,,,,,,,,,,,,,,,,,,,,,,,,,,,,,,,,,,,,,,,,,,,,,,,,,,,,,,,,,,,,,,,,,,,,,,,,,,,,,,,,,,,,,,,,,,,,,,,,,,,,,,,,,,,,,,,,,,,,,,,,,,,,,,,,,,,,,,,,,,,,,,,,,,,,,,,,,,,,,,,,,,,,,,,,,,,,,,,,,,,,,,,,,,,,,,,,,,,,,,,,,,,,,,,,,,,,,,,,,,,,,,,,,,,,,,,,,,,,,,,,,,,,,,,,,,,,,,,,,,,
cluster8,MDH1,U2AF2,CYBRD1,PPP1R12B,NDUFB7,SLC25A1,TOM1,FAH,POP4,DUSP3,ABCC5,HMGCL,WDR34,FAM213A,PMEPA1,SERINC3,UACA,SLC39A3,CGN,AFF3,,,,,,,,,,,,,,,,,,,,,,,,,,,,,,,,,,,,,,,,,,,,,,,,,,,,,,,,,,,,,,,,,,,,,,,,,,,,,,,,,,,,,,,,,,,,,,,,,,,,,,,,,,,,,,,,,,,,,,,,,,,,,,,,,,,,,,,,,,,,,,,,,,,,,,,,,,,,,,,,,,,,,,,,,,,,,,,,,,,,,,,,,,,,,,,,,,,,,,,,,,,,,,,,,,,,,,,,,,,,,,,,,,,,,,,,,,,,,,,,,,,,,,,,,,,,,,,,,,,,,,,,,,,,,,,,,,,,,,,,,,,,,,,,,,,,,,,,,,,,,,,,,,,,,,,,,,,,,,,,,,,,,,,,,,,,,,,,,,,,,,,,,,,,,,,,,,,,,,,,,,,,,,,,,,,,,,,,,,,,,,,,,,,,,,,,,,,,,,,,,,,,,,,,,,,,,,,,,,,,,,,,,,,,,,,,,,,,,,,,,,,,,,,,,,,,,,,,,,,,,,,,,,,,,,,,,,,,,,,,,,,,,,,,,,,,,,,,,,,,,,,,,,,,,,,,,,,,,,,,,,,,,,,,,,,,,,,,,,,,,,,,,,,,,,,,,,,,,,,,,,,,,,,,,,,,,,,,,,,,,,,,,,,,,,,,,,,,,,,,,,,,,,,,,,,,,,,,,,,,,,,,,,,,,,,,,,,,,,,,,,,,,
cluster9,NCAPH2,RAB27A,ARHGEF1,DHX32,CYB5R3,BCKDK,GLI3,CTSC,KMT5B,ING4,PHF13,COPA,ALKBH7,MTUS1,ITM2B,CSNK1D,CTDSPL,,,,,,,,,,,,,,,,,,,,,,,,,,,,,,,,,,,,,,,,,,,,,,,,,,,,,,,,,,,,,,,,,,,,,,,,,,,,,,,,,,,,,,,,,,,,,,,,,,,,,,,,,,,,,,,,,,,,,,,,,,,,,,,,,,,,,,,,,,,,,,,,,,,,,,,,,,,,,,,,,,,,,,,,,,,,,,,,,,,,,,,,,,,,,,,,,,,,,,,,,,,,,,,,,,,,,,,,,,,,,,,,,,,,,,,,,,,,,,,,,,,,,,,,,,,,,,,,,,,,,,,,,,,,,,,,,,,,,,,,,,,,,,,,,,,,,,,,,,,,,,,,,,,,,,,,,,,,,,,,,,,,,,,,,,,,,,,,,,,,,,,,,,,,,,,,,,,,,,,,,,,,,,,,,,,,,,,,,,,,,,,,,,,,,,,,,,,,,,,,,,,,,,,,,,,,,,,,,,,,,,,,,,,,,,,,,,,,,,,,,,,,,,,,,,,,,,,,,,,,,,,,,,,,,,,,,,,,,,,,,,,,,,,,,,,,,,,,,,,,,,,,,,,,,,,,,,,,,,,,,,,,,,,,,,,,,,,,,,,,,,,,,,,,,,,,,,,,,,,,,,,,,,,,,,,,,,,,,,,,,,,,,,,,,,,,,,,,,,,,,,,,,,,,,,,,,,,,,,,,,,,,,,,,,,,,,,,,,,,,,,,,,,,,
cluster10,CFH,BAD,M6PR,SLC25A5,ACSM3,CIAPIN1,PAF1,PAFAH1B1,KIAA0100,RPUSD1,TSR3,TEAD3,PKD1,POMT2,NISCH,FUZ,TSPAN9,DCN,PPP5C,SLC25A39,ACPP,IL20RA,VSIG2,CD44,B4GALT7,GRN,RANBP3,ABCF2,TMSB10,PNKP,CUL7,TPR,ARHGAP6,LMO3,CLPTM1L,DKK3,LETMD1,TTC17,FOXN3,PHPT1,ENTPD2,PLEKHH1,ATP9A,SZRD1,PUM2,YBX3,SNRNP40,CS,WAPL,SPHK2,HAGH,SUGP2,SLC12A2,CNN2,DGKA,TLE2,YBX1,SMARCD1,NFYC,NEO1,PKM,IDH3G,GNB5,CECR5,FSTL3,JMJD6,POLB,AP3M2,FAM50A,EPN2,SCARB1,LLGL2,SDHA,SMARCE1,KDM5A,MGLL,LMAN1,HACD3,ZZEF1,SRI,TTC38,MARK3,SLC25A3,FRYL,TMEM131,REXO2,CAMSAP3,MAP2K7,TOP2B,CAPZB,ARAF,UBE2K,VDAC3,KIF22,ARG2,ATP8B1,FAM135A,LYRM2,PPIE,COL16A1,TXLNA,CD82,OVGP1,AKR1B1,MGST2,POMGNT1,MAST2,SEPHS1,TRIP6,PSMC5,ADD1,C14orf166,SF3B2,ASAP3,COQ9,CRLS1,SLC8B1,TMEM230,BRAP,IGBP1,BLVRB,CERS4,SEL1L3,OSGEP,SUPT16H,HDAC6,CBX5,CRAT,WHRN,WAC,PGC,ABL1,ACOT7,PSMD8,SETD1A,BCL7C,CDC34,DDT,TBC1D10A,PPIL2,GRK3,PICK1,DDX17,LMF2,RHBDD3,AP1B1,MCAT,ASCC2,MYH9,FAM118A,SDR39U1,AHSA1,SPTLC2,DHRS7,CHD8,DCAF11,PYGB,ADNP,RAE1,TPD52L2,DNAJC5,NELFCD,DIDO1,GID8,MYL9,TM9SF4,KIF3B,NOP56,IDH3B,WFDC2,MAP1LC3A,MYL12A,PQBP1,EMD,PIN4,MAGED2,STK24,TRADD,MAPK3,CYB5B,NME3,COG4,MPG,CRISPLD2,TSC2,NME4,FBXO31,PIEZO1,DNAJA3,BFAR,MAZ,NOMO1,RNF40,CTSH,HOMER2,EEF1D,INTS10,KLHDC4,ASAH1,KCNN4,FCGRT,PPP1R13L,ERCC2,DOT1L,SF3A2,TRMT1,TBC1D17,AKT2,NUMBL,ATP5SL,CNFN,PLPPR2,WDR83OS,TFPT,ISYNA1,TMEM147,HPN,GSK3A,CADM4,HBP1,ZC3HAV1,GRB10,SNX8,PLOD3,TMEM248,AEBP1,SEC61B,BAG1,RAPGEF1,NPDC1,ZFAND5,DVL1,NSMCE4A,LZTS2,NPM3,PITRM1,TSPAN14,RNF43,RAI1,NUP88,DRG2,SMARCD2,SYNGR2,UTP6,DDX5,EZH1,EFTUD2,DHRS7B,PHF12,NDUFC1,SOD3,CRYAB,DNAJC4,ATG2A,PPP6R3,COMMD9,SLC22A18,C11orf58,NDUFS8,P3H3,PPM1H,C12orf57,PAK1IP1,PERP,CUTA,SMOC2,PPP2R5D,PFDN1,HBEGF,SPARC,THBS4,TTC1,GOLPH3,C5orf15,WWC1,CSNK1A1,HMGXB3,ERGIC1,PDGFRB,BCL6,HGD,NIT2,RBP1,USP4,CYB561D2,PODXL2,MAPKAPK3,GORASP1,SPCS1,TP53I3,NDUFS7,CCT4,GGCX,SF3B1,HDLBP,ODC1,TIA1,SCP2,FAM20B,QSOX1,ASH1L,SRM,MIIP,SRSF11,TMEM9,OSCP1,GNPAT,AKT3,CD46,AKR1A1,RSRP1,ESYT2,MED28,ELL2,NDUFB3,ITGB1BP1,RAB14,HDHD3,HSDL2,ALG2,C19orf25,ZBTB45,IRF2BPL,TGFB3,DNMT3A,TMEM214,EPCAM,TCP1,CLU,SORBS3,AKAP1,COIL,ZSCAN18,B4GALT4,CLCC1,GTF3A,FMOD,HOXA7,TRIM24,CALD1,RBM19,PRDX4,C19orf43,NR4A1,LRP1,TUBA1B,MORF4L2,SDC4,VAPB,SRSF6,PTGIS,STX16,TBCC,AHNAK,IRF1,GPR108,FOSB,CENPB,RRBP1,DYNLRB1,EIF2S2,ROMO1,MMP24.AS1,HECTD3,MCF2L,PRDX5,RRAS,SCAF1,SBDS,UXT,KTN1,CPSF3L,EMC1,SLC35E1,EMC6,ECHS1,STEAP4,ZFP36,SDF2L1,ATF4,APOL2,CALU,SMO,ORMDL1,SNRPN,EIF2AK4,DUT,FOXA1,SNX6,TMEM8A,PHF10,ECSIT,ELOF1,APOC1,BST2,COLGALT1,LSM7,ACTN4,SSBP4,PGPEP1,PAK4,EXOSC2,ATPIF1,EIF3G,SLC35D2,CHMP1A,COX7B,CAP1,NR1H2,ACLY,VPS25,DIAPH1,NDFIP1,ACAP3,TRAF7,TNS4,STARD3,C19orf12,LRRC41,RAN,ITGB4,KDM6B,ARHGEF11,RAB25,MUTYH,CTNNBL1,TCEAL4,RARRES3,NUMB,LAMTOR5,FAM127A,PHC2,DSC2,ELP2,STT3A,TMED7,UBQLN1,GOLM1,TAOK3,TRAFD1,CCT7,PCNX2,GLUL,DNAJB2,EIF4E2,CKAP4,RAC1,TBRG4,DDX56,FPGS,ATP6V1G1,TMEM261,TLN1,TMEM8B,FOXP4,GMPR,TMEM63B,ARRB1,CREBZF,PARP6,ADAM10,LRPPRC,ACTR1A,ABI2,APH1B,UBL7,PPP3CA,GUCD1,GABARAPL1,WDR61,MAN2C1,USP3,POLG,TGFB1I1,ZFHX3,MBTPS1,NDUFB10,NCOR1,NOB1,VPS53,PELP1,TBCD,FOXK2,WDR45B,IGFBP4,PLPP2,PFKL,FEM1A,MVB12A,ADAMTS10,PGD,KIAA0319L,EVA1B,NECTIN4,ECM1,CERS2,ARNT,RAB13,TPM3,HAX1,CREB3L4,INTS3,EPHX1,SOX13,RHOB,TEX261,UBXN4,TRPM8,CTDSP1,CNOT9,SLC25A38,GOLGA4,IQSEC1,ARL6IP5,BOC,,,,,,,,,,,,,,,,,,,,,,,,,,,,,,,,,,,,,,,,,,,,,,,,,,,,,,,,,,,,,,,,,,,,,,,,,,,,,,,,,,,,,,,,,,,,,,,,,,,,,,,,,,,,,,,,,,,,,,,,,,,,,,,,,,,,,,,,,,,,,,,,,,,,,,
cluster11,ARSD,AKAP8L,PHLDB1,ATP6V1H,RHOA,DGKD,NFKB2,TMED2,DDX49,MOSPD3,NPRL2,ATP6V0B,PRKRIP1,,,,,,,,,,,,,,,,,,,,,,,,,,,,,,,,,,,,,,,,,,,,,,,,,,,,,,,,,,,,,,,,,,,,,,,,,,,,,,,,,,,,,,,,,,,,,,,,,,,,,,,,,,,,,,,,,,,,,,,,,,,,,,,,,,,,,,,,,,,,,,,,,,,,,,,,,,,,,,,,,,,,,,,,,,,,,,,,,,,,,,,,,,,,,,,,,,,,,,,,,,,,,,,,,,,,,,,,,,,,,,,,,,,,,,,,,,,,,,,,,,,,,,,,,,,,,,,,,,,,,,,,,,,,,,,,,,,,,,,,,,,,,,,,,,,,,,,,,,,,,,,,,,,,,,,,,,,,,,,,,,,,,,,,,,,,,,,,,,,,,,,,,,,,,,,,,,,,,,,,,,,,,,,,,,,,,,,,,,,,,,,,,,,,,,,,,,,,,,,,,,,,,,,,,,,,,,,,,,,,,,,,,,,,,,,,,,,,,,,,,,,,,,,,,,,,,,,,,,,,,,,,,,,,,,,,,,,,,,,,,,,,,,,,,,,,,,,,,,,,,,,,,,,,,,,,,,,,,,,,,,,,,,,,,,,,,,,,,,,,,,,,,,,,,,,,,,,,,,,,,,,,,,,,,,,,,,,,,,,,,,,,,,,,,,,,,,,,,,,,,,,,,,,,,,,,,,,,,,,,,,,,,,,,,,,,,,,,,,,,,,,,,,,,,,,,
cluster12,CD99,RBM5,SLC7A2,FAM214B,TSPOAP1,GDE1,AP2B1,CX3CL1,ELAC2,TRAPPC6A,RHBDF1,MGST1,SEC62,PTBP1,ERCC1,LTF,CAPN1,GLT8D1,ATP2C1,ZRANB1,NCDN,SLC45A4,DEF6,TYMP,VIM,RABEP1,ALG1,CHPF2,ATP6V0A1,PIAS1,FAM136A,TIMP2,PHF23,HSPA5,POLR2B,MAP4,USP28,TSPAN17,FAM120A,EPN3,FAM160A2,CYBA,TRAPPC3,THRAP3,YIPF1,UNKL,TARBP1,ACAA1,NCKAP1,EIF4B,TM7SF3,HIPK2,AP3D1,ZNF76,WDR18,PDIA5,NDUFB4,GSTO2,ELAVL1,THUMPD1,PFKP,IDI1,PLPP1,TP53BP1,ROGDI,HYAL2,RASSF1,OTUD5,INPP5A,GRIPAP1,PITX1,NUCB2,PTPN3,DGCR2,ST6GALNAC1,CSNK2A2,WDR1,TCF3,FAM3A,PDCD2,RDH11,LIMS2,ALDH3A2,MARK2,ACADVL,XRCC1,SELO,FERMT2,NOTCH3,ATP2A3,SEC31B,EXOSC7,BAZ2A,TPD52,ICAM3,FGFR1,UBE2D4,SAR1A,CEACAM1,JMJD4,GSK3B,PLOD1,STARD7,PREP,MAP3K4,CHERP,HUWE1,PIGS,GNA11,PPP1R13B,FKBP1A,NSFL1C,ANAPC5,PXN,PEBP1,GRAMD1A,FXYD3,YPEL3,NUDC,MAEA,SPG21,P3H2,PDPR,AARS,EZR,NUP188,NUBP2,FKBP5,HSP90AB1,HNRNPH3,ERMP1,OCEL1,POLR2E,MKNK2,ARVCF,KLHL22,GSTT2,PIK3IP1,PATZ1,TRIOBP,GGTLC2,XBP1,NEFH,ARSA,TSPO,CBX7,ZMAT5,FOXRED2,L3MBTL2,ACO2,HDAC10,RBM23,CNIH1,VTI1B,GSTZ1,ZFYVE21,PSMC1,ACIN1,NFKBIA,RABGGTA,PLTP,TRPC4AP,NINL,PRPF6,C20orf27,CDS2,HM13,CRNKL1,MANBAL,CDK5RAP1,PXMP4,APMAP,TBL1X,CCDC22,PLP2,SMS,UBL4A,ARHGEF7,CLN5,MGRN1,PHKB,ACD,USB1,PSMD7,PLA2G15,WFDC1,CLCN7,UBE2I,STX4,KAT8,CD276,ZNF106,INTS9,SFRP1,NDRG1,TSTA3,R3HCC1,GSR,ECH1,HNRNPL,OAZ1,CCDC130,PTOV1,AES,MED25,FAM32A,DYRK1B,TBCB,CLIP3,SLC1A5,PRKD2,FZR1,BABAM1,RABAC1,KDELR1,MIER2,KXD1,FKBP8,ATP13A1,SMG9,CFAP69,WDR91,PTN,OGDH,H2AFV,TAX1BP1,CHCHD2,RARRES2,BLVRA,PRKAG2,POLD2,PTGDS,ABCA2,UBE2R2,DNMBP,ACTA2,FBXL15,XPNPEP1,GIT1,MTMR4,KPNB1,SLC25A11,COL1A1,HDAC5,LUC7L3,YWHAE,WSB1,NAT9,TNFAIP1,ALDOC,RAB34,LAMTOR3,UBE2D3,CPE,WFS1,TRIM3,EIF4G2,MDK,CARS,CD81,PRPF40B,SLC11A2,TNS2,LTA4H,VPS29,DUSP16,GAPDH,CHD4,COX6A1,SRSF9,RWDD1,GCNT2,SERINC1,SOBP,SNX3,CCND3,FAM120B,PTK7,TMEM30A,BRD8,SUB1,IRX4,SKP1,TXNDC15,DPYSL3,RNF7,COL7A1,WDR48,FAHD2A,ACTR1B,STAM2,PCGF1,AUP1,PASK,NOL10,PCYOX1,FARSB,DHCR24,TMEM59,PARK7,AMPD2,SRSF4,WDR77,SFPQ,ARHGEF2,SMG7,OLFML3,PLEKHM2,MAP7D1,SDHB,GALE,ID3,PIK3R3,TSPAN1,TMED5,PRRC2C,STK11,MYL12B,HS1BP3,MAPKAP1,PGF,IFI27L2,IFT43,ATL2,TCTN3,C10orf76,UFM1,ELF1,PTK2B,EPHX2,SCPEP1,ECHDC2,PEX16,CAT,KHDRBS1,PQLC1,NPY,GLIPR2,DDX54,ACOT9,DDX39A,GIPC1,ORMDL2,ATG101,TTC21B,MXD4,CSE1L,RNF114,GNMT,MEA1,GLO1,CNOT1,MT2A,RNF113A,GGA3,DDX31,SNRPB,DSTN,MAX,KLC1,F10,RBM42,THRA,IRF3,PRMT1,PRRG2,DNAJC8,SLC10A3,COX7C,SIN3B,MACF1,METTL16,DGCR8,A4GALT,KRT17,PDE11A,IVD,DCTD,RPAIN,MPDU1,BCL2L2,REEP5,DOCK6,GADD45G,NDUFA10,PXDN,UBAC1,TUBGCP2,UCK1,C16orf13,EIF2S3,ARHGEF16,PLXNA3,NOL11,CASZ1,MGAT1,AOC3,EXOC4,LGALS3,DCAF15,DHX30,RAMP1,INPP5K,PNISR,SEC61G,UNK,VPS4A,DAP3,CASP9,SCO1,SLC41A1,MORC4,BEX2,CSNK1G2,RTN3,TMEM254,C14orf1,PEBP4,GSTM3,TMEM106C,SLC38A2,FBXO18,FADS2,COL4A2,SYNCRIP,PAN2,CD164,CPM,DYNC1LI2,NTPCR,TMEM127,KDELR2,ZDHHC4,SRSF1,BIN1,DNAJC1,KIAA0368,USP20,APTX,HINT2,CNPY3,TJAP1,SLC22A23,TUBB2A,RIPK1,IER3,PI15,MAP2K5,RMDN3,TMEM62,IFT172,PREB,DTNB,VWA9,HADH,TAPBPL,C12orf10,ANKRD52,MFAP1,SRP14,TSPAN3,NEIL1,IGF1R,UNC45A,SEC11A,GLYR1,C16orf58,MED9,COPS3,SGSM2,SCRN2,PTRH2,SLC39A6,MINK1,FN3KRP,NARF,CBX4,MBD1,MIEN1,SOD1,TMEM50B,APP,AKT1,RNPEPL1,CAPN10,CARM1,PSMB6,NOSIP,SLC2A5,PEX14,GPN2,PTPRF,ALDH9A1,HDGF,SF3B4,ENSA,OAZ3,ATP8B2,ADAM15,GATAD2B,GALNT2,DEGS1,ARF1,PYCR2,ARL8A,HSPD1,DIS3L2,LRIG1,TCTA,,,,,,,,,,,,,,,,,,,,,,,,,,,,,,,,,,,,,,,,,,,,,,,,,,,,,,,,,,,,,,,,,,,,,,,,,,,,,,,,,,,,,,,,,,,,,,,,,,,,,,,,,,,,,,,,,,,,,,,,,,,,,,,,,,,,,,,,,,,,,,,,,,,,,,,,,,,,
cluster13,CAMK2B,USP40,LENG1,CCDC86,LAMA4,OBSL1,STAU1,MT1G,VPS37B,,,,,,,,,,,,,,,,,,,,,,,,,,,,,,,,,,,,,,,,,,,,,,,,,,,,,,,,,,,,,,,,,,,,,,,,,,,,,,,,,,,,,,,,,,,,,,,,,,,,,,,,,,,,,,,,,,,,,,,,,,,,,,,,,,,,,,,,,,,,,,,,,,,,,,,,,,,,,,,,,,,,,,,,,,,,,,,,,,,,,,,,,,,,,,,,,,,,,,,,,,,,,,,,,,,,,,,,,,,,,,,,,,,,,,,,,,,,,,,,,,,,,,,,,,,,,,,,,,,,,,,,,,,,,,,,,,,,,,,,,,,,,,,,,,,,,,,,,,,,,,,,,,,,,,,,,,,,,,,,,,,,,,,,,,,,,,,,,,,,,,,,,,,,,,,,,,,,,,,,,,,,,,,,,,,,,,,,,,,,,,,,,,,,,,,,,,,,,,,,,,,,,,,,,,,,,,,,,,,,,,,,,,,,,,,,,,,,,,,,,,,,,,,,,,,,,,,,,,,,,,,,,,,,,,,,,,,,,,,,,,,,,,,,,,,,,,,,,,,,,,,,,,,,,,,,,,,,,,,,,,,,,,,,,,,,,,,,,,,,,,,,,,,,,,,,,,,,,,,,,,,,,,,,,,,,,,,,,,,,,,,,,,,,,,,,,,,,,,,,,,,,,,,,,,,,,,,,,,,,,,,,,,,,,,,,,,,,,,,,,,,,,,,,,,,,,,,,
cluster14,PRSS22,SEC63,KARS,SLC9A7,PPP1R15A,BCL2L13,CBY1,RANGAP1,NDRG3,AGFG2,ENG,SUFU,PPIF,IFT20,ARHGDIB,GMDS,SET,SLC2A4RG,KRI1,PAPSS1,SCAF11,MAP3K12,SAT2,,,,,,,,,,,,,,,,,,,,,,,,,,,,,,,,,,,,,,,,,,,,,,,,,,,,,,,,,,,,,,,,,,,,,,,,,,,,,,,,,,,,,,,,,,,,,,,,,,,,,,,,,,,,,,,,,,,,,,,,,,,,,,,,,,,,,,,,,,,,,,,,,,,,,,,,,,,,,,,,,,,,,,,,,,,,,,,,,,,,,,,,,,,,,,,,,,,,,,,,,,,,,,,,,,,,,,,,,,,,,,,,,,,,,,,,,,,,,,,,,,,,,,,,,,,,,,,,,,,,,,,,,,,,,,,,,,,,,,,,,,,,,,,,,,,,,,,,,,,,,,,,,,,,,,,,,,,,,,,,,,,,,,,,,,,,,,,,,,,,,,,,,,,,,,,,,,,,,,,,,,,,,,,,,,,,,,,,,,,,,,,,,,,,,,,,,,,,,,,,,,,,,,,,,,,,,,,,,,,,,,,,,,,,,,,,,,,,,,,,,,,,,,,,,,,,,,,,,,,,,,,,,,,,,,,,,,,,,,,,,,,,,,,,,,,,,,,,,,,,,,,,,,,,,,,,,,,,,,,,,,,,,,,,,,,,,,,,,,,,,,,,,,,,,,,,,,,,,,,,,,,,,,,,,,,,,,,,,,,,,,,,,,,,,,,,,,,,,,,,,,,,,,,,,,,,,,,,,,,,,,,,,,,,,,,,,,,,,,,,,,
cluster15,NIPAL3,COX15,RNF10,VPS13D,GDI2,ASNS,EIF2B3,CHFR,DLGAP4,CAD,ATXN7L3,SNX5,TOX4,PACSIN2,VAC14,CLEC11A,CAPS,BCAT2,USF2,PDAP1,AKNA,TBC1D13,KAT2A,HINT3,KANSL3,ADPRHL2,SLC2A1,USP22,PIN1,PLVAP,GMFG,RBM39,ENOSF1,MPRIP,TOR1A,FXYD6,NPEPPS,IFNAR1,SDHC,PRCC,JTB,UBAP2L,RABL2A,,,,,,,,,,,,,,,,,,,,,,,,,,,,,,,,,,,,,,,,,,,,,,,,,,,,,,,,,,,,,,,,,,,,,,,,,,,,,,,,,,,,,,,,,,,,,,,,,,,,,,,,,,,,,,,,,,,,,,,,,,,,,,,,,,,,,,,,,,,,,,,,,,,,,,,,,,,,,,,,,,,,,,,,,,,,,,,,,,,,,,,,,,,,,,,,,,,,,,,,,,,,,,,,,,,,,,,,,,,,,,,,,,,,,,,,,,,,,,,,,,,,,,,,,,,,,,,,,,,,,,,,,,,,,,,,,,,,,,,,,,,,,,,,,,,,,,,,,,,,,,,,,,,,,,,,,,,,,,,,,,,,,,,,,,,,,,,,,,,,,,,,,,,,,,,,,,,,,,,,,,,,,,,,,,,,,,,,,,,,,,,,,,,,,,,,,,,,,,,,,,,,,,,,,,,,,,,,,,,,,,,,,,,,,,,,,,,,,,,,,,,,,,,,,,,,,,,,,,,,,,,,,,,,,,,,,,,,,,,,,,,,,,,,,,,,,,,,,,,,,,,,,,,,,,,,,,,,,,,,,,,,,,,,,,,,,,,,,,,,,,,,,,,,,,,,,,,,,,,,,,,,,,,,,,,,,,,,,,,,,,,,,,,,,,,,,,,,,,,,,,,,,,,,,,,,,,,,,,,,,,
cluster16,MVP,GABARAPL2,PCNP,CEP170B,GCAT,SBF1,LDHB,ACSS2,TPT1,,,,,,,,,,,,,,,,,,,,,,,,,,,,,,,,,,,,,,,,,,,,,,,,,,,,,,,,,,,,,,,,,,,,,,,,,,,,,,,,,,,,,,,,,,,,,,,,,,,,,,,,,,,,,,,,,,,,,,,,,,,,,,,,,,,,,,,,,,,,,,,,,,,,,,,,,,,,,,,,,,,,,,,,,,,,,,,,,,,,,,,,,,,,,,,,,,,,,,,,,,,,,,,,,,,,,,,,,,,,,,,,,,,,,,,,,,,,,,,,,,,,,,,,,,,,,,,,,,,,,,,,,,,,,,,,,,,,,,,,,,,,,,,,,,,,,,,,,,,,,,,,,,,,,,,,,,,,,,,,,,,,,,,,,,,,,,,,,,,,,,,,,,,,,,,,,,,,,,,,,,,,,,,,,,,,,,,,,,,,,,,,,,,,,,,,,,,,,,,,,,,,,,,,,,,,,,,,,,,,,,,,,,,,,,,,,,,,,,,,,,,,,,,,,,,,,,,,,,,,,,,,,,,,,,,,,,,,,,,,,,,,,,,,,,,,,,,,,,,,,,,,,,,,,,,,,,,,,,,,,,,,,,,,,,,,,,,,,,,,,,,,,,,,,,,,,,,,,,,,,,,,,,,,,,,,,,,,,,,,,,,,,,,,,,,,,,,,,,,,,,,,,,,,,,,,,,,,,,,,,,,,,,,,,,,,,,,,,,,,,,,,,,,,,,,,,,,,
cluster17,RNF121,CCNG2,,,,,,,,,,,,,,,,,,,,,,,,,,,,,,,,,,,,,,,,,,,,,,,,,,,,,,,,,,,,,,,,,,,,,,,,,,,,,,,,,,,,,,,,,,,,,,,,,,,,,,,,,,,,,,,,,,,,,,,,,,,,,,,,,,,,,,,,,,,,,,,,,,,,,,,,,,,,,,,,,,,,,,,,,,,,,,,,,,,,,,,,,,,,,,,,,,,,,,,,,,,,,,,,,,,,,,,,,,,,,,,,,,,,,,,,,,,,,,,,,,,,,,,,,,,,,,,,,,,,,,,,,,,,,,,,,,,,,,,,,,,,,,,,,,,,,,,,,,,,,,,,,,,,,,,,,,,,,,,,,,,,,,,,,,,,,,,,,,,,,,,,,,,,,,,,,,,,,,,,,,,,,,,,,,,,,,,,,,,,,,,,,,,,,,,,,,,,,,,,,,,,,,,,,,,,,,,,,,,,,,,,,,,,,,,,,,,,,,,,,,,,,,,,,,,,,,,,,,,,,,,,,,,,,,,,,,,,,,,,,,,,,,,,,,,,,,,,,,,,,,,,,,,,,,,,,,,,,,,,,,,,,,,,,,,,,,,,,,,,,,,,,,,,,,,,,,,,,,,,,,,,,,,,,,,,,,,,,,,,,,,,,,,,,,,,,,,,,,,,,,,,,,,,,,,,,,,,,,,,,,,,,,,,,,,,,,,,,,,,,,,,,,,,,,,,,,,,,,,,,,,
cluster18,PSMA4,CMTM6,RASSF7,RNF167,MFSD10,SSR3,TARDBP,AMOT,NUP214,MLLT4,LAMA5,CHMP2A,AGAP3,KIF12,PKP4,,,,,,,,,,,,,,,,,,,,,,,,,,,,,,,,,,,,,,,,,,,,,,,,,,,,,,,,,,,,,,,,,,,,,,,,,,,,,,,,,,,,,,,,,,,,,,,,,,,,,,,,,,,,,,,,,,,,,,,,,,,,,,,,,,,,,,,,,,,,,,,,,,,,,,,,,,,,,,,,,,,,,,,,,,,,,,,,,,,,,,,,,,,,,,,,,,,,,,,,,,,,,,,,,,,,,,,,,,,,,,,,,,,,,,,,,,,,,,,,,,,,,,,,,,,,,,,,,,,,,,,,,,,,,,,,,,,,,,,,,,,,,,,,,,,,,,,,,,,,,,,,,,,,,,,,,,,,,,,,,,,,,,,,,,,,,,,,,,,,,,,,,,,,,,,,,,,,,,,,,,,,,,,,,,,,,,,,,,,,,,,,,,,,,,,,,,,,,,,,,,,,,,,,,,,,,,,,,,,,,,,,,,,,,,,,,,,,,,,,,,,,,,,,,,,,,,,,,,,,,,,,,,,,,,,,,,,,,,,,,,,,,,,,,,,,,,,,,,,,,,,,,,,,,,,,,,,,,,,,,,,,,,,,,,,,,,,,,,,,,,,,,,,,,,,,,,,,,,,,,,,,,,,,,,,,,,,,,,,,,,,,,,,,,,,,,,,,,,,,,,,,,,,,,,,,,,,,,,,,,,,,,,,,,,,,,,,,,,,,,,,,,,,,,,
cluster19,FUCA2,LAS1L,SEMA3F,ICA1,CFLAR,SARM1,POLDIP2,AK2,HSPB6,ARHGAP33,NDUFAB1,DVL2,UPF1,SPPL2B,CREBBP,ITGA3,LAMP2,C19orf60,TMEM98,BAIAP2L1,ADIPOR2,PRSS21,CCDC124,ST7L,LUC7L,DNAJC11,PSMB1,NADK,SYPL1,NFIX,MED24,CSDE1,BAZ1B,CD9,SCMH1,TCEB3,APBA3,TTC19,WIZ,RABGAP1,TYROBP,CALCOCO1,PSMC4,MAN2B2,NUB1,PGM3,CLK1,DNASE1L1,ZC3H3,NUDCD3,CHDH,CD74,OSBPL5,FHL1,RTFDC1,NDUFS1,ERP44,PLEKHO1,EHD2,RNASET2,IFNGR1,SARS,TSSC1,PNPLA6,MAP2K3,TRIO,CDH1,RETSAT,CAPG,AP2S1,OFD1,CTPS2,RCN1,BCAR1,HERPUD1,PRSS8,MRTO4,SYNE2,CUL1,SEC61A1,TBXAS1,PARP12,OGFR,HDAC7,SFSWAP,VMP1,ISOC2,MED29,GPC1,ATP2C2,CTSA,BCAS1,SLC9A3R2,ERBB3,PPP2R5A,KDM4A,FECH,TRAM1,TNFRSF1A,DHX8,PRKCZ,COASY,PLEKHH3,LAPTM4A,IP6K2,PSME4,SIRT2,BCL3,ATP1B3,RNF126,GBA2,PABPC1,TRIB2,MBD3,CPSF1,PRKACA,ADGRL1,ACTN1,SPEG,SREBF1,HSD17B10,DERL2,ST6GAL1,CLASP1,CLNS1A,NCBP3,BCS1L,ZNF532,SEMA3C,ACAT1,VPS9D1,FNDC3B,ACTB,TRAF4,MCAM,XAB2,STXBP2,DNAJC10,GNB1,NRDC,CBFA2T2,TP53INP2,SDF4,TOLLIP,XRCC5,TNS1,MOXD1,SLC35C2,PSEN1,HSP90AA1,PKP1,NFE2L1,ITGB5,KAT6A,ZCCHC6,SMAP2,GSTP1,AGBL5,HADHA,CD59,CTTN,TTC39A,B4GALT1,FOLH1,EIF2AK1,ITPKC,SRRT,EBF4,GCN1,GANAB,MLF2,DDX24,NDUFB2,STRN4,LYZ,GNPTG,DTX2,SPAG7,CCDC80,PSME1,HNRNPC,MYL6,CECR1,LRRFIP2,DHPS,ARCN1,NANS,SEMA4G,BRPF3,DSP,TMED1,ABLIM1,FAM21A,CIRBP,MARCH2,TECR,PALM,SEC14L2,SPECC1L,GGA1,LGALS1,TFIP11,SNU13,FBXO7,POLDIP3,PPP6R2,CHKB,THOC5,TTLL12,RBFOX2,SYNGR1,SAMM50,TXN2,UPK3A,ST13,DESI1,PRMT5,SNW1,ITPK1,ERH,EIF5,PSMB5,TRIP11,APEX1,EFS,CINP,EMC9,GSS,PSMA7,ARFRP1,CSNK2A1,PLCB4,POFUT1,CHMP4B,CST3,AHCY,PIGU,VAPA,PGRMC1,CHRDL1,PCSK1N,TAZ,PGK1,MAGT1,USP11,CAB39L,DNAJC3,TSC22D1,ELMO3,CENPT,LONP2,POLR2C,AXIN1,COTL1,ABCC1,LMF1,NARFL,MTHFSD,METRN,GSPT1,TCEB2,GGA2,RASL12,RAB11A,EHD4,SLC30A4,RAB2A,PPP2CB,TUSC3,GYS1,CLASRP,SGTA,SNAPC2,C19orf53,SYDE1,PIAS4,CCDC94,HNRNPUL1,PLIN3,GLTSCR2,MEIS3,DBP,TMEM205,TNPO2,GCDH,PRPF31,ARMC6,LSR,DNAJB6,BRAT1,TAF6,PCOLCE,URGCP,YKT6,NMRK1,CORO2A,TESK1,CREB3,SETX,ERLIN1,EIF3A,GBF1,CUEDC2,LARP4B,SH3PXD2A,UBTF,PSMD3,CASC3,CDK5RAP3,RECQL5,RASD1,NAGLU,LRRC59,SLC9A3R1,PMP22,UNC119,SUPT6H,OCIAD1,NRXN2,PRPF19,ANAPC15,ARHGEF17,DDX6,AIP,NUP98,TCIRG1,VWF,PPFIBP1,MLEC,KRT18,WNT5B,MANSC1,SCNN1A,LTBR,MGP,RAB5B,LPCAT3,PRKAB1,RAB35,COL12A1,HDDC2,MAPK14,SRSF3,ACOT13,C6orf62,ARFGEF3,TFEB,SRF,CUL9,FBRSL1,DAP,HSPA9,GNPDA1,SELK,FAM162A,TUSC2,ABTB1,SCAP,HEMK1,VIPR1,DGUOK,RTKN,NCL,SF3B6,EIF2B4,NRBP1,FNDC4,PPM1G,HTRA2,GALNT3,FN1,ELMOD3,IGFBP5,FHL2,CNPPD1,STK25,ID2,RAB3GAP1,TRAK2,EPAS1,HDAC1,LAMTOR2,MEF2D,RBBP5,PRPF3,APH1A,B4GALT2,PRDX6,IRF6,SYF2,NENF,ARID1A,RPA2,CTSD,IFT46,SPCS2,HMGN3,CTGF,TCF21,VAMP8,RPN2,NDUFA8,YLPM1,LTBP2,ALDH6A1,YPEL5,SLC17A5,MXI1,GOT1,ETF1,FAM53C,SIL1,TNFRSF10B,CHRNA2,RNF170,LYPLA1,SPOP,SLC35B1,PDS5A,TMEM54,RBBP6,NAA60,ZMIZ2,HNRNPA2B1,POLM,C7orf49,ITIH5,PLA2G12A,ACSL3,CHPF,ENKD1,SNX21,PEPD,XPO5,NQO2,SPDEF,KLHDC3,SOX4,LRRFIP1,RAB17,EMC3,BBS2,ABCC4,TM9SF2,FAM193A,PPP1R12C,MBOAT7,PSD4,GTF2F1,THOC2,SH2D3A,TRIP10,SNRPD2,RTN2,VASP,NAPB,DTD1,TBC1D20,ITPA,FAM110A,NCLN,HNRNPR,ID1,RALY,ERGIC3,PSMB2,ASL,WNK4,TRAP1,AHDC1,ELK1,FGFRL1,TMEM175,FBXL12,SMARCA4,TUBA4A,AAMP,PNKD,TNFRSF19,AKAP9,SHFM1,POR,MPST,TST,MKLN1,SPCS3,SLC44A2,RNASE1,CDKN1C,MAU2,SHC2,ABHD17A,CNN1,CDC16,NECTIN2,SAFB2,SLC27A1,NSUN5,PGLS,MLLT1,LSM4,JUND,TRPM4,OLFM1,PNPLA7,OSBPL2,POMT1,TRIM28,YIPF2,LRRC47,PNCK,EPS8L1,AAR2,GGT7,ATP6V1E1,ZNF428,COX4I1,GSE1,PPT1,PDLIM4,NINJ1,PPP1R1B,PIAS3,VIMP,SNRPA1,RFX1,ILKAP,CLUH,WBP2,H3F3B,EIF5A,FLOT2,MTSS1L,PTPRA,FBXO44,PEMT,SRRM1,BTBD2,HSPBP1,LARS,HSD17B4,DPF2,COX16,GSTM1,SORT1,NOTCH2,FKBP11,YWHAQ,LDHA,PRPF38A,TMEM258,TMEM165,ARGLU1,CTSL,TBX3,CD63,GNS,FHOD1,DHX9,FAM129A,TMBIM1,COX5B,ISCU,CCM2,DCAF7,LIMD2,EPRS,WDR33,IMP4,GYPC,LRRC8A,DPM2,PSMB7,ANP32B,DCTN3,ALDH1B1,YIPF3,HMGA1,FLOT1,ATAT1,GCHFR,RAB1A,ACTR2,EMILIN1,ATRAID,ARL3,ANXA7,IDH1,HNRNPD,SEC31A,NAAA,G3BP2,MAPK8IP3,RNF185,NDUFA9,LLPH,MARCH9,LUM,NABP2,CERS5,GRTP1,TTC6,DCAF5,WARS,SERF2,TLE3,ANP32A,BBS4,FURIN,PARN,CMTM3,NOL3,MAP1LC3B,RHOT2,DEF8,TCF25,GFOD2,CLTC,SLC14A1,ARRB2,TP53,TMC6,ANAPC11,DYM,P3H4,FAM134C,ERBB2,TXNL4A,SAMD1,BRD4,SIRT3,COL6A1,COL6A2,SAE1,ZNF787,EFHD2,SH3BGRL3,CNKSR1,WDTC1,HSPG2,SERBP1,CYR61,TINAGL1,PSMA5,MGST3,UFC1,PFDN2,PIGM,PI4KB,POGZ,EIF2D,SNAPIN,ILF2,SCCPDH,ACP1,GUK1,MBOAT2,PARP1,SNRPG,FAHD2B,POLR2D,TMEFF2,SUMF1,GMPPA,SRPRB
cluster20,CFAP20,FDFT1,PDRG1,AGR2,STYXL1,UBE2M,RAMP2,YME1L1,SH3GL1,,,,,,,,,,,,,,,,,,,,,,,,,,,,,,,,,,,,,,,,,,,,,,,,,,,,,,,,,,,,,,,,,,,,,,,,,,,,,,,,,,,,,,,,,,,,,,,,,,,,,,,,,,,,,,,,,,,,,,,,,,,,,,,,,,,,,,,,,,,,,,,,,,,,,,,,,,,,,,,,,,,,,,,,,,,,,,,,,,,,,,,,,,,,,,,,,,,,,,,,,,,,,,,,,,,,,,,,,,,,,,,,,,,,,,,,,,,,,,,,,,,,,,,,,,,,,,,,,,,,,,,,,,,,,,,,,,,,,,,,,,,,,,,,,,,,,,,,,,,,,,,,,,,,,,,,,,,,,,,,,,,,,,,,,,,,,,,,,,,,,,,,,,,,,,,,,,,,,,,,,,,,,,,,,,,,,,,,,,,,,,,,,,,,,,,,,,,,,,,,,,,,,,,,,,,,,,,,,,,,,,,,,,,,,,,,,,,,,,,,,,,,,,,,,,,,,,,,,,,,,,,,,,,,,,,,,,,,,,,,,,,,,,,,,,,,,,,,,,,,,,,,,,,,,,,,,,,,,,,,,,,,,,,,,,,,,,,,,,,,,,,,,,,,,,,,,,,,,,,,,,,,,,,,,,,,,,,,,,,,,,,,,,,,,,,,,,,,,,,,,,,,,,,,,,,,,,,,,,,,,,,,,,,,,,,,,,,,,,,,,,,,,,,,,,,,,,,,
cluster21,MAD1L1,CD38,BAIAP3,LYPLA2,TMEM159,ELOVL5,SERPINB1,NEDD4L,AKR7A2,TNK2,LPAR2,NSF,MKNK1,DLG3,GNAS,EPB41L1,SCD,LZTR1,TIMP3,POLR3H,CDK16,N4BP1,CDIPT,GSDMD,PIH1D1,FBL,GPI,SUGP1,SFXN3,MLX,VAT1,CORO1C,PTGES3,SAYSD1,EEF1B2,LMAN2L,SPTBN1,CHST10,UXS1,IPO13,MESDC2,C1orf198,IDE,CCDC53,CRY2,SLC12A4,NCOA5,DDX27,IQSEC2,TMEM115,IFI6,TSPAN8,ATP6V1F,SERGEF,NEDD8,ITFG1,SAT1,PRKCSH,ADRM1,ATG4D,RARA,MYBBP1A,NES,MACROD1,GSTM5,UBAC2,COG3,DERL1,PDE5A,ETV6,CUL4A,CDAN1,COMMD4,ETFA,URB1,KLK3,PPOX,SLC39A1,,,,,,,,,,,,,,,,,,,,,,,,,,,,,,,,,,,,,,,,,,,,,,,,,,,,,,,,,,,,,,,,,,,,,,,,,,,,,,,,,,,,,,,,,,,,,,,,,,,,,,,,,,,,,,,,,,,,,,,,,,,,,,,,,,,,,,,,,,,,,,,,,,,,,,,,,,,,,,,,,,,,,,,,,,,,,,,,,,,,,,,,,,,,,,,,,,,,,,,,,,,,,,,,,,,,,,,,,,,,,,,,,,,,,,,,,,,,,,,,,,,,,,,,,,,,,,,,,,,,,,,,,,,,,,,,,,,,,,,,,,,,,,,,,,,,,,,,,,,,,,,,,,,,,,,,,,,,,,,,,,,,,,,,,,,,,,,,,,,,,,,,,,,,,,,,,,,,,,,,,,,,,,,,,,,,,,,,,,,,,,,,,,,,,,,,,,,,,,,,,,,,,,,,,,,,,,,,,,,,,,,,,,,,,,,,,,,,,,,,,,,,,,,,,,,,,,,,,,,,,,,,,,,,,,,,,,,,,,,,,,,,,,,,,,,,,,,,,,,,,,,,,,,,,,,,,,,,,,,,,,,,,,,,,,,,,,,,,,,,,,,,,,,,,,,,,,,,,,,,,,,,,,,,,,,,,,,,,,,,,,,,,,,
cluster22,FKBP4,TMC5,PTGR1,COX6B1,FXR2,AP1M2,AHI1,POMGNT2,,,,,,,,,,,,,,,,,,,,,,,,,,,,,,,,,,,,,,,,,,,,,,,,,,,,,,,,,,,,,,,,,,,,,,,,,,,,,,,,,,,,,,,,,,,,,,,,,,,,,,,,,,,,,,,,,,,,,,,,,,,,,,,,,,,,,,,,,,,,,,,,,,,,,,,,,,,,,,,,,,,,,,,,,,,,,,,,,,,,,,,,,,,,,,,,,,,,,,,,,,,,,,,,,,,,,,,,,,,,,,,,,,,,,,,,,,,,,,,,,,,,,,,,,,,,,,,,,,,,,,,,,,,,,,,,,,,,,,,,,,,,,,,,,,,,,,,,,,,,,,,,,,,,,,,,,,,,,,,,,,,,,,,,,,,,,,,,,,,,,,,,,,,,,,,,,,,,,,,,,,,,,,,,,,,,,,,,,,,,,,,,,,,,,,,,,,,,,,,,,,,,,,,,,,,,,,,,,,,,,,,,,,,,,,,,,,,,,,,,,,,,,,,,,,,,,,,,,,,,,,,,,,,,,,,,,,,,,,,,,,,,,,,,,,,,,,,,,,,,,,,,,,,,,,,,,,,,,,,,,,,,,,,,,,,,,,,,,,,,,,,,,,,,,,,,,,,,,,,,,,,,,,,,,,,,,,,,,,,,,,,,,,,,,,,,,,,,,,,,,,,,,,,,,,,,,,,,,,,,,,,,,,,,,,,,,,,,,,,,,,,,,,,,,,,,,,,,,
cluster23,COPZ2,PIGQ,FLYWCH1,EPN1,SPEN,UFD1L,MRVI1,PTPN23,KEAP1,USP48,MZF1,CABIN1,GGT5,ABHD12,TYK2,CRTC1,HPS1,FBXW4,PFN1,USP5,TFDP2,SLC41A3,SNX17,GPR89A,FKBP15,SERP1,CDKN1A,UROD,ILF3,SLC6A8,ARFIP2,DCAF8,SLC2A8,PML,AFG3L2,,,,,,,,,,,,,,,,,,,,,,,,,,,,,,,,,,,,,,,,,,,,,,,,,,,,,,,,,,,,,,,,,,,,,,,,,,,,,,,,,,,,,,,,,,,,,,,,,,,,,,,,,,,,,,,,,,,,,,,,,,,,,,,,,,,,,,,,,,,,,,,,,,,,,,,,,,,,,,,,,,,,,,,,,,,,,,,,,,,,,,,,,,,,,,,,,,,,,,,,,,,,,,,,,,,,,,,,,,,,,,,,,,,,,,,,,,,,,,,,,,,,,,,,,,,,,,,,,,,,,,,,,,,,,,,,,,,,,,,,,,,,,,,,,,,,,,,,,,,,,,,,,,,,,,,,,,,,,,,,,,,,,,,,,,,,,,,,,,,,,,,,,,,,,,,,,,,,,,,,,,,,,,,,,,,,,,,,,,,,,,,,,,,,,,,,,,,,,,,,,,,,,,,,,,,,,,,,,,,,,,,,,,,,,,,,,,,,,,,,,,,,,,,,,,,,,,,,,,,,,,,,,,,,,,,,,,,,,,,,,,,,,,,,,,,,,,,,,,,,,,,,,,,,,,,,,,,,,,,,,,,,,,,,,,,,,,,,,,,,,,,,,,,,,,,,,,,,,,,,,,,,,,,,,,,,,,,,,,,,,,,,,,,,,,,,,,,,,,,,,,,,,,,,,,,,,,,,,,,,,,,,,,,,,,
